{
  "alzheimers_rf_tuned": 0.08878114635938472,
  "alzheimers_xgboost_tuned": 0.14637536443985882,
  "alzheimers_logistic_tuned": 0.03266075850925048,
  "alzheimers_knn_tuned": 0.012015221588618497,
  "alzheimers_svm_tuned": 0.007287600276738251,
  "alzheimers_nn_tuned": 0.0198097514053307,
  "alzheimers_rf_tuned_v8": 0.3978894932909386,
  "alzheimers_xgboost_tuned_v8": 0.2413321768584784,
  "alzheimers_nn_tuned_v12": 0.05384848727140148
}