{
  "alzheimers_rf_tuned": 0.25115551535514374,
  "alzheimers_xgboost_tuned": 0.41408544041967815,
  "alzheimers_logistic_tuned": 0.15233352041882178,
  "alzheimers_knn_tuned": 0.05604037036335466,
  "alzheimers_svm_tuned": 0.03399020280702581,
  "alzheimers_nn_tuned": 0.09239495063597589
}